query,output,timestamp
,,2025-01-26 19:50:13.471975
explain the principal of maximum likelihood,"&lt;think&gt;
Okay, so I need to explain the principle of maximum likelihood using the provided text as a resource. Let me start by reading through the given content carefully.

The text mentions that &quot;maximum likelihood classification is extremely fast.&quot; That&#x27;s interesting. It also notes that its main weakness lies in the restrictive assumption about the data distribution. Hmm, wait, it says something about the likelihood function or its logarithm being maximized to estimate θ_k. Oh right, so maximum likelihood estimation (MLE) involves finding the parameter values that maximize the probability of observing the given data.

Looking further down, there&#x27;s an example involving Bayes&#x27; Theorem in Equation (e270). It shows how posterior probabilities are calculated using the likelihoods and prior probabilities. Then, it talks about applying MLE to the first four principal components of Figure 6.1, comparing it with Naive Bayes. The result is &quot;a considerably poorer result&quot; than Naive Bayes, which suggests that while MLE is fast, its assumption might not always hold.

The text then discusses equations (e929) and (e930), which are probably likelihood functions for two different models or distributions. It shows that these are maximized by specific values: ½(g₁ + g₂) for one case and g₁ = g₂ = g₃ = ... for the other. This means that MLE finds the parameter values (like mean vectors or thresholds) that make the observed data most probable.

It also mentions principal components analysis, where maximizing variance is the goal. However, this might not always lead to optimal image quality because it can sometimes increase noise, hence introducing the concept of minimum noise fraction (MNF), which tries to balance noise reduction with information preservation.

Putting this together, MLE works by choosing parameters that maximize the likelihood of the data under a certain model. It&#x27;s computationally efficient but relies on strong assumptions about the data distribution and relationships between variables, which can make it sensitive to these assumptions and sometimes lead to suboptimal results like in the case discussed with principal components.
&lt;/think&gt;

The principle of maximum likelihood is a statistical method used to estimate parameters by maximizing the probability of observing the given data. It assumes that certain conditions hold for the data distribution, such as independence or specific parametric forms.

In this context, MLE was applied using two different likelihood functions:
1. For one case, the maximum likelihood estimate (MLE) is ½(g₁ + g₂).
2. For another scenario, it maximizes by setting each parameter equal to its corresponding observation value: g₁ = g₂ = ... .

The technique was used on principal components of images, where maximizing variance led to results that sometimes worsened image quality due to increased noise. This introduced the concept of minimum noise fraction (MNF) as a way to balance noise reduction with information preservation.

While MLE is computationally efficient, its reliance on restrictive assumptions about data distributions can lead to suboptimal performance in certain cases.",2025-02-15 14:52:02.342677
